Ms,Kenneth,Watson,8610343497282827,09-18,Village,Austin,TX,3784615938,kwatson0@arstechnica.com
Mrs,Nancy,Diaz,8565414096498239,09-18,Tomscot,Macon,GA,7288380756,ndiaz1@simplemachines.org
Ms,Deborah,Nichols,0681347825184432,09-18,Delladonna,Miami,FL,3433990578,dnichols2@technorati.com
Mrs,Donald,Grant,2390924258171398,09-18,Canary,Albany,NY,0763853267,dgrant3@paypal.com
Ms,Andrea,Davis,7357529295640021,09-18,Donald,Hayward,CA,0699337689,adavis4@desdev.cn
Mrs,Kimberly,James,9100396690726559,09-18,Lake View,Gainesville,GA,2740111547,kjames5@behance.net
Mr,Diane,Taylor,2660497274894544,09-18,Scott,West Palm Beach,FL,5180566021,dtaylor6@163.com
Ms,John,Woods,8749437727199747,09-18,Surrey,Berkeley,CA,3576433466,jwoods7@vk.com
Mrs,Frances,Reyes,6452080845077052,09-18,Texas,Santa Barbara,CA,4493063810,freyes8@parallels.com
Mr,Todd,Riley,1101690634132745,09-18,Tennyson,Gainesville,FL,7871227941,triley9@hatena.ne.jp
Ms,Douglas,Parker,7674717795161254,09-18,Green Ridge,Las Vegas,NV,4175785694,dparkera@google.co.jp
Ms,Sharon,Phillips,4526076414253271,09-18,School,Bakersfield,CA,7714852126,sphillipsb@skyrock.com
Ms,Kevin,Gibson,8088098277789867,09-18,Little Fleur,San Diego,CA,5907983345,kgibsonc@ifeng.com
Ms,Irene,Perry,0996132854429841,09-18,Raven,New York City,NY,2788497806,iperryd@utexas.edu
Mrs,Lisa,Marshall,9366289935297286,09-18,Caliangt,Loretto,MN,7912272766,lmarshalle@unc.edu
Mrs,Roy,Oliver,5231625646435139,09-18,Golf View,Tampa,FL,1864147160,roliverf@wikispaces.com
Mr,Kelly,Richardson,0194150473283117,09-18,Dakota,Columbus,OH,2033996589,krichardsong@cpanel.net
Ms,Shirley,Bishop,4464183113569306,09-18,Towne,Bloomington,IL,2496895821,sbishoph@discovery.com
Mrs,Sara,Daniels,0298825405141604,09-18,Knutson,Mansfield,OH,8745269703,sdanielsi@123-reg.co.uk
Mrs,Heather,Kelly,3919426135663468,09-18,Golf,Chandler,AZ,0572519216,hkellyj@tumblr.com
Ms,Nicole,Marshall,8535791875394765,09-18,Roxbury,Erie,PA,1922363229,nmarshallk@qq.com
Mrs,Linda,Washington,5560085343855860,09-18,Clyde Gallagher,Miami,FL,0005527153,lwashingtonl@tripadvisor.com
Mrs,Debra,Simpson,7487696888695064,09-18,Lyons,Austin,TX,0741105276,dsimpsonm@blogs.com
Ms,Johnny,Wallace,3871831095440628,09-18,Calypso,Baltimore,MD,7955784734,jwallacen@photobucket.com
Mrs,Earl,Morgan,2927344213786969,09-18,Stuart,Las Vegas,NV,0454547323,emorgano@360.cn
Mr,Samuel,Jacobs,8003049933480106,09-18,Crowley,Charlotte,NC,0057286655,sjacobsp@umn.edu
Ms,Margaret,Jacobs,1393620068162950,09-18,Sycamore,Herndon,VA,0057286659,2Mjacobsq@smh.com.au
Ms,Jose,Patterson,4512392010645929,09-18,Golf,Minneapolis,MN,7096004004,jpattersonr@ca.gov
Mrs,Lillian,Graham,8460084863547817,09-18,Arapahoe,Decatur,IL,3029812867,lgrahams@cnet.com
Ms,Kathryn,Webb,8035000456103259,09-18,Loftsgordon,Tyler,TX,6659293113,kwebbt@auda.org.au
Mr,Ralph,Duncan,8258889079557012,09-18,Schiller,Riverside,CA,2053987633,rduncanu@1688.com
Mrs,Annie,Mills,1251872276753580,09-18,Kenwood,Boston,MA,2064844235,amillsv@smh.com.au
Ms,Johnny,Hanson,6480008201143263,09-18,Heffernan,Honolulu,HI,8829877448,jhansonw@newyorker.com
Mrs,Margaret,Peters,5021543296563724,09-18,Packers,Charleston,WV,8829877449,1Mpetersx@army.mil
Mr,David,Wagner,2395510154320971,09-18,Buell,Albuquerque,NM,6414767041,dwagnery@amazon.com
Mrs,Jeremy,Carr,0519957597228119,09-18,Cascade,Madison,WI,9809267288,jcarrz@cbsnews.com
Ms,Joan,Stevens,9749835705204230,09-18,Orin,Bloomington,IN,5505344306,jstevens10@earthlink.net
Mrs,Lois,Banks,5862543211152446,09-18,Almo,Hartford,CT,6428558120,lbanks11@gizmodo.com
Ms,Walter,James,3837419643340641,09-18,West,Salt Lake City,UT,7696949104,wjames12@wufoo.com
Ms,Jesse,Hunter,0417616282283316,09-18,Melody,Stockton,CA,4337695661,jhunter13@cbslocal.com
Ms,Sean,Sims,0368745213748793,09-18,Daystar,Marietta,GA,0477972861,ssims14@qq.com
Ms,Joe,Morris,5992711983183461,09-18,Calypso,Little Rock,AR,9530786853,jmorris15@nature.com
Ms,Raymond,Meyer,8023953843399288,09-18,Shopko,Clearwater,FL,8661436794,rmeyer16@t.co
Mr,Eric,Stevens,1055727412700865,09-18,Victoria,Independence,MO,1341985635,estevens17@vk.com
Ms,Ralph,Freeman,3735436788486651,09-18,Vernon,South Bend,IN,1916538364,rfreeman18@biglobe.ne.jp
Mrs,Jane,Garcia,3500613237211365,09-18,Bonner,Erie,PA,3161707241,jgarcia19@wikispaces.com
Ms,Diane,Carter,2238144263869913,09-18,Anhalt,Evansville,IN,3969412649,dcarter1a@howstuffworks.com
Mr,Jean,Webb,4433168279062220,09-18,Drewry,Charlotte,NC,5703874432,jwebb1b@zdnet.com
Mr,Teresa,Cunningham,5958919785768648,09-18,Forster,Kansas City,MO,0635019089,tcunningham1c@yelp.com
Ms,Ruby,Rose,7005365358164359,09-18,Esker,Santa Barbara,CA,5041052656,rrose1d@theatlantic.com
Mr,Catherine,Alexander,2420745100772121,09-18,Aberg,Vero Beach,FL,3341537743,calexander1e@dagondesign.com
Mr,Brenda,Ellis,4460283951817683,09-18,Prairie Rose,Lansing,MI,0638289460,bellis1f@nsw.gov.au
Ms,Maria,Meyer,1848495847109086,09-18,Dorton,Rochester,NY,0638289461,1Mmeyer1g@youtube.com
Mrs,Martha,Kennedy,6578987936632554,09-18,Crowley,Providence,RI,0638289462,8Mkennedy1h@ox.ac.uk
Mrs,Roger,Meyer,4028358311528505,09-18,Glacier Hill,Pittsburgh,PA,7317352201,rmeyer1i@tripadvisor.com
Mrs,Julia,Burns,4942819530435595,09-18,Stoughton,New York City,NY,4275833443,jburns1j@imageshack.us
Ms,Jesse,Thompson,9507780308508551,09-18,Burrows,Arlington,VA,0736531363,jthompson1k@kickstarter.com
Ms,Bobby,Olson,2686751571939428,09-18,John Wall,Oakland,CA,4193270513,bolson1l@adobe.com
Ms,Patrick,Martinez,3778938694364137,09-18,Golf Course,Kent,WA,4663578422,pmartinez1m@telegraph.co.uk
Mrs,Lawrence,Armstrong,8833914234692871,09-18,Del Mar,Shreveport,LA,6334502060,larmstrong1n@mediafire.com
Mr,Dorothy,Holmes,9313635006225414,09-18,Lunder,Springfield,MO,3190153220,dholmes1o@posterous.com
Mrs,Justin,Bailey,4673964983129042,09-18,Schlimgen,Las Cruces,NM,5221888064,jbailey1p@google.co.jp
Mr,Linda,Green,0534915670323867,09-18,Bayside,Albany,NY,1716057870,lgreen1q@wikispaces.com
Mrs,Dorothy,Ward,4720303212982891,09-18,Rockefeller,Sacramento,CA,8285917683,dward1r@sogou.com
Ms,Jason,Butler,0675265032989096,09-18,Farwell,Honolulu,HI,2301334451,jbutler1s@51.la
Mr,Victor,Schmidt,8575839324794017,09-18,Reindahl,Arlington,TX,2697103615,vschmidt1t@yahoo.co.jp
Mrs,Carl,Stephens,0193743471145368,09-18,Upham,Columbus,OH,9505983672,cstephens1u@vkontakte.ru
Mrs,Willie,Hicks,8080969271582423,09-18,1st,Miami,FL,7614327689,whicks1v@cnn.com
Mrs,Betty,Bradley,9238656277828896,09-18,Sundown,Columbus,OH,4259546401,bbradley1w@cam.ac.uk
Ms,Donna,Garza,4049242012772894,09-18,Oriole,Carson City,NV,3885466245,dgarza1x@fc2.com
Ms,Emily,Mccoy,4221816813521620,09-18,3rd,Saint Louis,MO,8972903626,emccoy1y@weather.com
Mr,Louis,Kim,1184575394010846,09-18,Bashford,Cleveland,OH,2578281197,lkim1z@deviantart.com
Mrs,Sarah,Howell,5513412393983620,09-18,Del Sol,Baton Rouge,LA,8627397913,showell20@tiny.cc
Mr,Harry,Kennedy,1402334374948528,09-18,Clyde Gallagher,New Orleans,LA,9715173133,hkennedy21@bing.com
Mr,Elizabeth,Torres,1376814653776132,09-18,Iowa,Cleveland,OH,2265573747,etorres22@purevolume.com
Mrs,Diane,Johnson,1946600089189256,09-18,Holy Cross,Lancaster,CA,1627907857,djohnson23@deliciousdays.com
Mr,David,Bennett,9492761229769279,09-18,Cordelia,San Antonio,TX,5680972958,dbennett24@imdb.com
Ms,Carl,Howard,1467657189079302,09-18,Prairieview,Akron,OH,6492669397,choward25@list-manage.com
Ms,Ronald,Ward,8889567613595942,09-18,Roth,Pensacola,FL,9495017498,rward26@fastcompany.com
Mrs,Lawrence,Reed,7475612049872643,09-18,Jenna,Alhambra,CA,2292144149,lreed27@simplemachines.org
Mr,Johnny,Black,2101848036932607,09-18,Lakewood Gardens,Asheville,NC,0784207151,jblack28@yellowbook.com
Mr,Angela,Sims,0506182564090018,09-18,Dottie,New Orleans,LA,6715393692,asims29@earthlink.net
Mrs,Linda,Bailey,3923700461026815,09-18,Hudson,Jacksonville,FL,5477685359,lbailey2a@oaic.gov.au
Ms,Theresa,Edwards,8506315130627895,09-18,Lake View,Palo Alto,CA,6460187158,tedwards2b@pbs.org
Mr,Amy,Smith,7198592106709043,09-18,Grasskamp,Salt Lake City,UT,8654812142,asmith2c@irs.gov
Mrs,Cynthia,Roberts,8680377763377306,09-18,Hovde,Panama City,FL,8715230804,croberts2d@omniture.com
Mr,Teresa,Alvarez,3891972127644897,09-18,Donald,Boise,ID,4101934892,talvarez2e@mail.ru
Mrs,Willie,Schmidt,6404964672627772,09-18,Garrison,Boise,ID,4975917561,wschmidt2f@imageshack.us
Mr,Patricia,Bennett,2544019679405794,09-18,Grasskamp,Charlotte,NC,6465374021,pbennett2g@nhs.uk
Mrs,Benjamin,Lawson,2204243467125953,09-18,Elka,Tucson,AZ,9683543077,blawson2h@amazon.co.uk
Ms,Mildred,Andrews,4872994651140708,09-18,Montana,Saint Paul,MN,9683543078,2Mandrews2i@themeforest.net
Mrs,Michelle,Ryan,0046003936124598,09-18,Steensland,Omaha,NE,9683543079,0Mryan2j@dedecms.com
Mr,Christopher,Greene,3763488832949369,09-18,Heffernan,Fort Worth,TX,8186044346,cgreene2k@wufoo.com
Mr,Sean,Johnson,2941788229927802,09-18,Chinook,Dallas,TX,4993050324,sjohnson2l@digg.com
Ms,Julie,Reynolds,6022630189652533,09-18,1st,Anchorage,AK,2153055408,jreynolds2m@bloglovin.com
Mr,Christine,Alvarez,2630246605965540,09-18,6th,Fort Pierce,FL,4797017386,calvarez2n@wikispaces.com
Ms,Pamela,Larson,6543050459951252,09-18,Express,Pompano Beach,FL,9000025151,plarson2o@npr.org
Ms,Ryan,Stewart,7138552696166902,09-18,Sachs,Huntington,WV,5529089952,rstewart2p@macromedia.com
Mrs,Denise,West,0815373091923594,09-18,Stone Corner,Albuquerque,NM,2294257964,dwest2q@smh.com.au
Ms,Victor,Harris,2990609707675615,09-18,Monterey,Aiken,SC,3587892069,vharris2r@studiopress.com
Mrs,Ann,Brooks,1587026745154100,09-18,Hagan,Lees Summit,MO,6755855136,abrooks2s@java.com
Ms,Philip,Turner,4324379030415384,09-18,Fulton,Honolulu,HI,8146097481,pturner2t@nasa.gov
Mrs,Charles,Romero,3822195895828175,09-18,Dwight,Colorado Springs,CO,1050425642,cromero2u@mysql.com
Ms,Jose,Barnes,8558152982707791,09-18,Eliot,New York City,NY,0559325393,jbarnes2v@seesaa.net
Ms,Jesse,Gordon,6639923139461767,09-18,Jay,Corona,CA,6172849110,jgordon2w@bigcartel.com
Ms,Dorothy,Vasquez,0772140063990785,09-18,Trailsway,Charleston,SC,9965781530,dvasquez2x@japanpost.jp
Ms,Norma,Murray,5400448058458030,09-18,Cordelia,Young America,MN,9434881111,nmurray2y@statcounter.com
Mrs,Janice,Welch,0739242131774269,09-18,Fieldstone,Nashville,TN,5479437700,jwelch2z@360.cn
Mrs,Juan,Stevens,5927697474389710,09-18,Sycamore,Davenport,IA,3842916191,jstevens30@irs.gov
Ms,Larry,Jackson,1737155589148259,09-18,Lawn,Cincinnati,OH,8820520337,ljackson31@printfriendly.com
Mr,Kenneth,Boyd,8360536913697745,09-18,Riverside,Mobile,AL,9521281284,kboyd32@oaic.gov.au
Mr,Susan,Day,9151772437390464,09-18,Veith,Knoxville,TN,8570999443,sday33@dedecms.com
Mrs,Patricia,Hudson,1083433535097339,09-18,Kingsford,Charleston,SC,6216698124,phudson34@ning.com
Mr,Linda,Jordan,2325932580436298,09-18,Ludington,Houston,TX,0343947185,ljordan35@businesswire.com
Mr,Karen,Robinson,1345396990291418,09-18,Fair Oaks,Montgomery,AL,7206627078,krobinson36@paginegialle.it
Mrs,Matthew,Ford,1594937757515949,09-18,Tennyson,Fort Myers,FL,7206627079,0Mford37@mozilla.org
Ms,Julie,Burton,0403817083060950,09-18,Oneill,Austin,TX,0293090892,jburton38@state.gov
Mr,Lori,Hernandez,4448046104731310,09-18,Melrose,Billings,MT,2831716501,lhernandez39@mlb.com
Mr,Sean,Hawkins,0115789911518465,09-18,Carpenter,Fort Pierce,FL,7101236072,shawkins3a@reddit.com
Mr,Louis,Mason,2904660583175703,09-18,Moose,Rochester,NY,9979750503,lmason3b@cdc.gov
Ms,Elizabeth,Williams,0540181648369618,09-18,Oak Valley,Colorado Springs,CO,4027681103,ewilliams3c@hp.com
Mrs,Ann,Medina,5284352940416541,09-18,Parkside,Spokane,WA,3754720035,amedina3d@joomla.org
Mrs,Angela,Adams,6664215159468954,09-18,Fairview,Lake Worth,FL,1695943238,aadams3e@businesswire.com
Mr,Edward,Patterson,1354721804017351,09-18,4th,Houston,TX,4779764831,epatterson3f@google.fr
Mrs,Cynthia,Porter,6179240908838246,09-18,Forest Dale,Jackson,MS,5373723358,cporter3g@google.com
Mrs,Marie,Powell,8908750621924935,09-18,Sherman,Jamaica,NY,5373723359,7Mpowell3h@imageshack.us
Mrs,William,Schmidt,2592585438779658,09-18,Lakewood,Dayton,OH,7707142508,wschmidt3i@51.la
Mr,Rebecca,Arnold,4744227405435085,09-18,Blackbird,Syracuse,NY,7210011522,rarnold3j@bizjournals.com
Mrs,Roger,Morales,3194090577992760,09-18,Oakridge,Staten Island,NY,1329629399,rmorales3k@slate.com
Ms,Tina,Fox,8654588939174190,09-18,Mallory,Duluth,GA,7483388249,tfox3l@pagesperso-orange.fr
Mrs,George,Ferguson,6825164354337096,09-18,Memorial,El Paso,TX,3458560096,gferguson3m@macromedia.com
Mr,Arthur,Sims,9164375015489493,09-18,Paget,Baton Rouge,LA,5793954546,asims3n@canalblog.com
Mr,Lisa,Wilson,0709304203806761,09-18,Orin,Duluth,MN,5134828881,lwilson3o@oakley.com
Ms,Eric,Simmons,5094733295650503,09-18,Troy,Orlando,FL,6173892206,esimmons3p@prnewswire.com
Mrs,Karen,Carpenter,5016946020455198,09-18,John Wall,Fredericksburg,VA,9793764327,kcarpenter3q@tripadvisor.com
Mr,Paul,Hill,7972172504879500,09-18,Armistice,London,KY,4631383126,phill3r@businessinsider.com
Mrs,Terry,Shaw,2702029734588874,09-18,Northland,Miami,FL,6110978714,tshaw3s@nymag.com
Mr,Jacqueline,Reed,0703976977246513,09-18,Blackbird,Reno,NV,2311051508,jreed3t@dmoz.org
Mrs,Mary,Gonzalez,4002909254591368,09-18,Westerfield,Boise,ID,2311051509,3Mgonzalez3u@hugedomains.com
Mr,Marilyn,Dean,4916419182603526,09-18,Northfield,Sparks,NV,2311051510,2Mdean3v@twitter.com
Mrs,Phillip,Parker,4189618229503507,09-18,Clemons,Richmond,VA,6940877084,pparker3w@jalbum.net
Mr,Sharon,Russell,4713873660266248,09-18,Forster,Canton,OH,0286938945,srussell3x@unc.edu
Mr,Janice,Bishop,1074609285881336,09-18,Cottonwood,Shreveport,LA,5779702891,jbishop3y@facebook.com
Mr,Richard,Gutierrez,7828678723490993,09-18,Ridgeview,Valley Forge,PA,7623550480,rgutierrez3z@bloglines.com
Mrs,Diane,Black,2415130984070541,09-18,Calypso,Evansville,IN,1364219147,dblack40@patch.com
Ms,Kathleen,Collins,1317311467675749,09-18,Miller,Wichita,KS,6204828735,kcollins41@state.tx.us
Ms,Frank,Johnson,3945317055138302,09-18,Tennyson,Oklahoma City,OK,3315015450,fjohnson42@usatoday.com
Mrs,Ashley,Fisher,9600596081519918,09-18,Maple Wood,Milwaukee,WI,0405885039,afisher43@facebook.com
Mrs,Deborah,Boyd,0319388779171708,09-18,Rigney,Tampa,FL,1945871582,dboyd44@usnews.com
Ms,Annie,Riley,8061032795772662,09-18,Service,Pittsburgh,PA,3618082366,ariley45@theglobeandmail.com
Ms,Norma,Payne,5937422710168043,09-18,Monument,Minneapolis,MN,6844923079,npayne46@t.co
Mr,Angela,Thomas,0462228441150740,09-18,Morrow,Springfield,MA,4146662748,athomas47@nba.com
Mrs,Walter,Riley,1942442456516684,09-18,Service,Grand Rapids,MI,7180213202,wriley48@un.org
Mr,Anne,Gutierrez,9636570198533450,09-18,Eastwood,Conroe,TX,9666167201,agutierrez49@latimes.com
Mr,Christina,Welch,7474984293441913,09-18,Linden,Austin,TX,9439021259,cwelch4a@wunderground.com
Ms,Wayne,Turner,1359893404701024,09-18,Delladonna,Clearwater,FL,0255910964,wturner4b@ed.gov
Mrs,Wayne,Webb,4104453875302154,09-18,Saint Paul,Hartford,CT,3671934713,wwebb4c@fotki.com
Mr,Martha,Hamilton,7618209641634122,09-18,Waywood,Kansas City,MO,3671934714,5Mhamilton4d@cbc.ca
Ms,Roger,Turner,3518633507257265,09-18,Portage,Jamaica,NY,8061988126,rturner4e@who.int
Mrs,Peter,Stephens,9903480735872925,09-18,Buena Vista,Washington,DC,8397082031,pstephens4f@addtoany.com
Mr,Marie,Smith,9061415966329303,09-18,Gina,Baltimore,MD,8397082032,3Msmith4g@livejournal.com
Ms,Robin,Armstrong,3612567997955322,09-18,Namekagon,Roanoke,VA,1148082114,rarmstrong4h@psu.edu
Mrs,Ronald,Mitchell,7044010434824183,09-18,Swallow,Columbia,SC,7681815770,rmitchell4i@yale.edu
Mr,Joe,Hudson,9336098796264785,09-18,Scofield,Monroe,LA,9044569082,jhudson4j@altervista.org
Mrs,Steve,Gibson,9275036802318919,09-18,Ludington,Stockton,CA,9078016138,sgibson4k@studiopress.com
Ms,Billy,Coleman,2728742580618280,09-18,Sunfield,Houston,TX,7991318940,bcoleman4l@army.mil
Mr,Jeremy,Wilson,4206188787013355,09-18,Forest Dale,Brooklyn,NY,4795139583,jwilson4m@amazon.com
Mr,Benjamin,Hansen,0086919899627769,09-18,Sloan,Dayton,OH,6341334551,bhansen4n@samsung.com
Mrs,Howard,Snyder,4740456530546448,09-18,Birchwood,Philadelphia,PA,4085728697,hsnyder4o@indiegogo.com
Mr,Ernest,Fisher,9698552667724441,09-18,Kennedy,Las Vegas,NV,0176165690,efisher4p@omniture.com
Mr,Wanda,Patterson,7402027685077342,09-18,Dapin,Los Angeles,CA,1351954274,wpatterson4q@yale.edu
Mrs,Craig,Lane,6285983691965121,09-18,Amoth,Washington,DC,4058957473,clane4r@cdc.gov
Ms,Rose,Flores,5084593097403948,09-18,Towne,Washington,DC,0942715904,rflores4s@istockphoto.com
Mrs,Arthur,Burton,9655349737979723,09-18,Lakeland,Tucson,AZ,8631046140,aburton4t@uol.com.br
Ms,Gloria,Clark,0994853090577037,09-18,Transport,West Hartford,CT,0148763960,gclark4u@upenn.edu
Mr,Rebecca,Schmidt,5957469620060514,09-18,West,Anchorage,AK,2132262471,rschmidt4v@blogger.com
Ms,Lois,Hunter,9471798073147022,09-18,Talisman,Los Angeles,CA,0747853376,lhunter4w@livejournal.com
Ms,Kimberly,Andrews,5647458101254460,09-18,Chinook,Albany,NY,7459347372,kandrews4x@yahoo.co.jp
Mr,Carlos,Banks,9445401005344145,09-18,1st,Frederick,MD,3937655076,cbanks4y@weebly.com
Ms,William,Fisher,6764240514505582,09-18,Sheridan,Tulsa,OK,8151017791,wfisher4z@shop-pro.jp
Mrs,Brian,Spencer,7688772182031858,09-18,Shoshone,Berkeley,CA,5821450537,bspencer50@oakley.com
Mr,Donna,Burke,8223332640342173,09-18,Huxley,West Palm Beach,FL,2279558999,dburke51@weather.com
Mrs,Angela,Bailey,4809072984397383,09-18,Cambridge,Long Beach,CA,5186309726,abailey52@gov.uk
Ms,Dorothy,Morgan,0417278093525071,09-18,Heffernan,Whittier,CA,7353420696,dmorgan53@google.com.br
Ms,Raymond,Snyder,9716369331963628,09-18,Warbler,Tucson,AZ,4249359050,rsnyder54@ucla.edu
Ms,Janice,Richardson,5387770544768242,09-18,Laurel,Columbus,GA,6554574589,jrichardson55@xrea.com
Ms,Cheryl,Martin,2429063492294309,09-18,Spaight,Mansfield,OH,0485286036,cmartin56@exblog.jp
Mrs,Phillip,Bowman,3632608368391624,09-18,Sugar,Las Vegas,NV,9956960306,pbowman57@ustream.tv
Mrs,Michael,Ramos,7787462630608912,09-18,Jana,Atlanta,GA,9956960307,9Mramos58@sphinn.com
Mr,George,Hunter,9688538158026618,09-18,Jenifer,Ashburn,VA,6459108316,ghunter59@cbslocal.com
Ms,Kathy,Howard,7129215662683843,09-18,Springs,Maple Plain,MN,2893002197,khoward5a@scribd.com
Mr,Joseph,Gray,6464945411890006,09-18,Veith,Boston,MA,2051041677,jgray5b@amazon.co.jp
Mr,Norma,Alexander,3795528455687662,09-18,Judy,Houston,TX,1298532597,nalexander5c@github.io
Ms,Russell,Walker,5939955466334978,09-18,Valley Edge,Santa Rosa,CA,3897711846,rwalker5d@vk.com
Mr,Debra,Austin,6332170979887814,09-18,Bobwhite,Birmingham,AL,1750762861,daustin5e@mlb.com
Ms,Willie,Ryan,5708751877546474,09-18,Troy,Sacramento,CA,3918654396,wryan5f@yahoo.com
Mr,Samuel,Larson,6526797414305604,09-18,Waubesa,New York City,NY,6192967252,slarson5g@uol.com.br
Ms,Charles,Dean,7924277888272723,09-18,Grim,Brooklyn,NY,1890325497,cdean5h@prweb.com
Mr,Jesse,Morales,6616337631940707,09-18,Melody,Battle Creek,MI,4401899925,jmorales5i@ox.ac.uk
Mr,Walter,Diaz,1029167203736023,09-18,Bluestem,Fort Worth,TX,2920001746,wdiaz5j@rediff.com